pipeline_count	pipelines	source_path	target_path
8	wp1_gms560,wp1_gms560_plasma,wp1_gmsprio,wp2_iht,wp2_neville,wp2_tm,wp3_iht,wp3_tc	/data/ref_genomes/VEP	/projects/cgu/library/data/ref_genomes/VEP
6	wp1_gms560,wp1_gms560_plasma,wp1_gmsprio,wp2_abl,wp2_iht,wp3_iht	/data/ref_data/fusioncatcher/human_v102/human_v102	/projects/cgu/library/data/ref_data/fusioncatcher/human_v102/human_v102
4	wp1_gms560,wp1_gms560_plasma,wp1_gmsprio,wp2_abl	/data/ref_data/arriba/arriba_v2.3.0/database/blacklist_hg19_hs37d5_GRCh37_v2.3.0.tsv.gz	/projects/cgu/library/data/ref_data/arriba/arriba_v2.3.0/database/blacklist_hg19_hs37d5_GRCh37_v2.3.0.tsv.gz
4	wp1_gms560,wp1_gms560_plasma,wp1_gmsprio,wp2_abl	/data/ref_data/arriba/arriba_v2.3.0/database/cytobands_hg19_hs37d5_GRCh37_v2.3.0.tsv	/projects/cgu/library/data/ref_data/arriba/arriba_v2.3.0/database/cytobands_hg19_hs37d5_GRCh37_v2.3.0.tsv
4	wp1_gms560,wp1_gms560_plasma,wp1_gmsprio,wp2_abl	/data/ref_data/arriba/arriba_v2.3.0/database/known_fusions_hg19_hs37d5_GRCh37_v2.3.0.tsv.gz	/projects/cgu/library/data/ref_data/arriba/arriba_v2.3.0/database/known_fusions_hg19_hs37d5_GRCh37_v2.3.0.tsv.gz
4	wp1_gms560,wp1_gms560_plasma,wp1_gmsprio,wp2_abl	/data/ref_data/arriba/arriba_v2.3.0/database/protein_domains_hg19_hs37d5_GRCh37_v2.3.0.gff3	/projects/cgu/library/data/ref_data/arriba/arriba_v2.3.0/database/protein_domains_hg19_hs37d5_GRCh37_v2.3.0.gff3
4	wp1_gms560,wp1_gms560_plasma,wp1_gmsprio,wp2_abl	/data/ref_data/star-fusion/GRCh37_gencode_v19_CTAT_lib_Mar012021.plug-n-play/ctat_genome_lib_build_dir	/projects/cgu/library/data/ref_data/star-fusion/GRCh37_gencode_v19_CTAT_lib_Mar012021.plug-n-play/ctat_genome_lib_build_dir
4	wp1_gms560,wp1_gms560_plasma,wp1_gmsprio,wp2_abl	/data/ref_data/star/v2.7.10a_hg19	/projects/cgu/library/data/ref_data/star/v2.7.10a_hg19
4	wp1_gms560,wp1_gms560_plasma,wp1_gmsprio,wp2_tm	/data/ref_genomes/hg19/bwa/BWA_0.7.10_refseq/hg19.with.mt.amb	/projects/cgu/library/data/ref_genomes/hg19/bwa/BWA_0.7.10_refseq/hg19.with.mt.amb
4	wp1_gms560,wp1_gms560_plasma,wp1_gmsprio,wp2_tm	/data/ref_genomes/hg19/bwa/BWA_0.7.10_refseq/hg19.with.mt.ann	/projects/cgu/library/data/ref_genomes/hg19/bwa/BWA_0.7.10_refseq/hg19.with.mt.ann
4	wp1_gms560,wp1_gms560_plasma,wp1_gmsprio,wp2_tm	/data/ref_genomes/hg19/bwa/BWA_0.7.10_refseq/hg19.with.mt.bwt	/projects/cgu/library/data/ref_genomes/hg19/bwa/BWA_0.7.10_refseq/hg19.with.mt.bwt
4	wp1_gms560,wp1_gms560_plasma,wp1_gmsprio,wp2_tm	/data/ref_genomes/hg19/bwa/BWA_0.7.10_refseq/hg19.with.mt.dict	/projects/cgu/library/data/ref_genomes/hg19/bwa/BWA_0.7.10_refseq/hg19.with.mt.dict
4	wp1_gms560,wp1_gms560_plasma,wp1_gmsprio,wp2_tm	/data/ref_genomes/hg19/bwa/BWA_0.7.10_refseq/hg19.with.mt.fai	/projects/cgu/library/data/ref_genomes/hg19/bwa/BWA_0.7.10_refseq/hg19.with.mt.fai
4	wp1_gms560,wp1_gms560_plasma,wp1_gmsprio,wp2_tm	/data/ref_genomes/hg19/bwa/BWA_0.7.10_refseq/hg19.with.mt.fasta	/projects/cgu/library/data/ref_genomes/hg19/bwa/BWA_0.7.10_refseq/hg19.with.mt.fasta
4	wp1_gms560,wp1_gms560_plasma,wp1_gmsprio,wp2_tm	/data/ref_genomes/hg19/bwa/BWA_0.7.10_refseq/hg19.with.mt.pac	/projects/cgu/library/data/ref_genomes/hg19/bwa/BWA_0.7.10_refseq/hg19.with.mt.pac
4	wp1_gms560,wp1_gms560_plasma,wp1_gmsprio,wp2_tm	/data/ref_genomes/hg19/bwa/BWA_0.7.10_refseq/hg19.with.mt.sa	/projects/cgu/library/data/ref_genomes/hg19/bwa/BWA_0.7.10_refseq/hg19.with.mt.sa
4	wp1_gms560,wp1_gms560_plasma,wp1_gmsprio,wp2_abl	/data/ref_genomes/hg19/gtf/hg19.refGene.gtf	/projects/cgu/library/data/ref_genomes/hg19/gtf/hg19.refGene.gtf
3	wp2_iht,wp3_hg,wp3_iht	/beegfs-storage/data/ref_data/wp3/svdb/svdb_create_novaseqx/manta_wgs_hg38_novaseqX_v2.0.sorted.vcf.gz	/projects/cgu/library/beegfs-storage/data/ref_data/wp3/svdb/svdb_create_novaseqx/manta_wgs_hg38_novaseqX_v2.0.sorted.vcf.gz
3	wp2_iht,wp3_hg,wp3_iht	/beegfs-storage/data/ref_genomes/GRCh38/GRCmasked/GCA_000001405.15_GRCh38_no_alt_analysis_set_GRCmasked.fasta	/projects/cgu/library/beegfs-storage/data/ref_genomes/GRCh38/GRCmasked/GCA_000001405.15_GRCh38_no_alt_analysis_set_GRCmasked.fasta
3	wp2_iht,wp3_hg,wp3_iht	/beegfs-storage/data/ref_genomes/GRCh38/GRCmasked/GCA_000001405.15_GRCh38_no_alt_analysis_set_GRCmasked.fasta.fai	/projects/cgu/library/beegfs-storage/data/ref_genomes/GRCh38/GRCmasked/GCA_000001405.15_GRCh38_no_alt_analysis_set_GRCmasked.fasta.fai
3	wp2_iht,wp3_hg,wp3_iht	/beegfs-storage/data/ref_genomes/GRCh38/GRCmasked/Homo_sapiens_assembly38.known_indels.vcf.gz	/projects/cgu/library/beegfs-storage/data/ref_genomes/GRCh38/GRCmasked/Homo_sapiens_assembly38.known_indels.vcf.gz
3	wp2_iht,wp3_hg,wp3_iht	/beegfs-storage/data/ref_genomes/GRCh38/GRCmasked/Twist_Comprehensive_Exome_Covered_Targets_hg38.interval_list	/projects/cgu/library/beegfs-storage/data/ref_genomes/GRCh38/GRCmasked/Twist_Comprehensive_Exome_Covered_Targets_hg38.interval_list
3	wp2_iht,wp3_hg,wp3_iht	/beegfs-storage/data/ref_genomes/GRCh38/GRCmasked/homo_sapiens.hg38.wgs.bed	/projects/cgu/library/beegfs-storage/data/ref_genomes/GRCh38/GRCmasked/homo_sapiens.hg38.wgs.bed
3	wp2_iht,wp3_hg,wp3_iht	/beegfs-storage/data/ref_genomes/GRCh38/GRCmasked/homo_sapiens.hg38.wgs.interval_list	/projects/cgu/library/beegfs-storage/data/ref_genomes/GRCh38/GRCmasked/homo_sapiens.hg38.wgs.interval_list
3	wp3_hg,wp3_tc,wp3_te	/beegfs-storage/data/ref_genomes/VEP/homo_sapiens_refseq_vep_110_GRCh38.tar.gz	/projects/cgu/library/beegfs-storage/data/ref_genomes/VEP/homo_sapiens_refseq_vep_110_GRCh38.tar.gz
3	wp1_gms560,wp1_gms560_plasma,wp1_gmsprio	/beegfs-storage/projects/wp1/nobackup/ngs/utveckling/Twist_DNA_DATA/bed/filter_ctat_splicing.tsv	/projects/cgu/library/beegfs-storage/projects/wp1/nobackup/ngs/utveckling/Twist_DNA_DATA/bed/filter_ctat_splicing.tsv
3	wp1_gms560,wp1_gms560_plasma,wp1_gmsprio	/data/ref_data/fuseq_wes/Mitelman_fusiondb.RData	/projects/cgu/library/data/ref_data/fuseq_wes/Mitelman_fusiondb.RData
3	wp1_gms560,wp1_gms560_plasma,wp1_gmsprio	/data/ref_data/fuseq_wes/UCSC_hg19_wes_contigSize3000_bigLen130000_r100.json	/projects/cgu/library/data/ref_data/fuseq_wes/UCSC_hg19_wes_contigSize3000_bigLen130000_r100.json
3	wp1_gms560,wp1_gms560_plasma,wp1_gmsprio	/data/ref_data/fuseq_wes/UCSC_hg19_wes_contigSize3000_bigLen130000_r100.sqlite	/projects/cgu/library/data/ref_data/fuseq_wes/UCSC_hg19_wes_contigSize3000_bigLen130000_r100.sqlite
3	wp1_gms560,wp1_gms560_plasma,wp1_gmsprio	/data/ref_data/fuseq_wes/ensmbl_paralogs_grch37.RData	/projects/cgu/library/data/ref_data/fuseq_wes/ensmbl_paralogs_grch37.RData
3	wp1_gms560,wp1_gms560_plasma,wp1_gmsprio	/data/ref_data/star-fusion/GRCh37_gencode_v19_CTAT_lib_Mar012021.plug-n-play/ctat_genome_lib_build_dir/ref_genome.fa	/projects/cgu/library/data/ref_data/star-fusion/GRCh37_gencode_v19_CTAT_lib_Mar012021.plug-n-play/ctat_genome_lib_build_dir/ref_genome.fa
3	wp1_gms560,wp1_gms560_plasma,wp1_gmsprio	/data/ref_genomes/GNOMAD/small_exac_common_3.hg19.vcf.gz	/projects/cgu/library/data/ref_genomes/GNOMAD/small_exac_common_3.hg19.vcf.gz
3	wp2_abl,wp2_iht,wp3_iht	/data/ref_genomes/GRCh38/reference_grasnatter/homo_sapiens_star	/projects/cgu/library/data/ref_genomes/GRCh38/reference_grasnatter/homo_sapiens_star
3	wp1_gms560,wp1_gms560_plasma,wp1_gmsprio	/data/ref_genomes/hg19/bwa/BWA_0.7.10_refseq/hg19.with.mt.2bit	/projects/cgu/library/data/ref_genomes/hg19/bwa/BWA_0.7.10_refseq/hg19.with.mt.2bit
3	wp1_gms560,wp1_gms560_plasma,wp1_gmsprio	/projects/bin/data/wp1_gms560_columns.json	/projects/cgu/library/projects/bin/data/wp1_gms560_columns.json
3	wp1_gms560,wp1_gms560_plasma,wp1_gmsprio	/projects/wp1/nobackup/ngs/utveckling/Twist_DNA_DATA/bed/Hotspots_combined.csv	/projects/cgu/library/projects/wp1/nobackup/ngs/utveckling/Twist_DNA_DATA/bed/Hotspots_combined.csv
3	wp1_gms560,wp1_gms560_plasma,wp1_gmsprio	/projects/wp1/nobackup/ngs/utveckling/Twist_DNA_DATA/bed/Hotspots_combined_regions_nodups.20260304.csv	/projects/cgu/library/projects/wp1/nobackup/ngs/utveckling/Twist_DNA_DATA/bed/Hotspots_combined_regions_nodups.20260304.csv
3	wp1_gms560,wp1_gms560_plasma,wp1_gmsprio	/projects/wp1/nobackup/ngs/utveckling/Twist_DNA_DATA/bed/Mutations_Breast_20260223.csv	/projects/cgu/library/projects/wp1/nobackup/ngs/utveckling/Twist_DNA_DATA/bed/Mutations_Breast_20260223.csv
3	wp1_gms560,wp1_gms560_plasma,wp1_gmsprio	/projects/wp1/nobackup/ngs/utveckling/Twist_DNA_DATA/bed/Mutations_Colon_20260504.csv	/projects/cgu/library/projects/wp1/nobackup/ngs/utveckling/Twist_DNA_DATA/bed/Mutations_Colon_20260504.csv
3	wp1_gms560,wp1_gms560_plasma,wp1_gmsprio	/projects/wp1/nobackup/ngs/utveckling/Twist_DNA_DATA/bed/Mutations_ENC_20260302.csv	/projects/cgu/library/projects/wp1/nobackup/ngs/utveckling/Twist_DNA_DATA/bed/Mutations_ENC_20260302.csv
3	wp1_gms560,wp1_gms560_plasma,wp1_gmsprio	/projects/wp1/nobackup/ngs/utveckling/Twist_DNA_DATA/bed/Mutations_Gist_20260304.csv	/projects/cgu/library/projects/wp1/nobackup/ngs/utveckling/Twist_DNA_DATA/bed/Mutations_Gist_20260304.csv
3	wp1_gms560,wp1_gms560_plasma,wp1_gmsprio	/projects/wp1/nobackup/ngs/utveckling/Twist_DNA_DATA/bed/Mutations_Lung_20260223.csv	/projects/cgu/library/projects/wp1/nobackup/ngs/utveckling/Twist_DNA_DATA/bed/Mutations_Lung_20260223.csv
3	wp1_gms560,wp1_gms560_plasma,wp1_gmsprio	/projects/wp1/nobackup/ngs/utveckling/Twist_DNA_DATA/bed/Mutations_MTC_20260223.csv	/projects/cgu/library/projects/wp1/nobackup/ngs/utveckling/Twist_DNA_DATA/bed/Mutations_MTC_20260223.csv
3	wp1_gms560,wp1_gms560_plasma,wp1_gmsprio	/projects/wp1/nobackup/ngs/utveckling/Twist_DNA_DATA/bed/Mutations_Melanom_20260305.csv	/projects/cgu/library/projects/wp1/nobackup/ngs/utveckling/Twist_DNA_DATA/bed/Mutations_Melanom_20260305.csv
3	wp1_gms560,wp1_gms560_plasma,wp1_gmsprio	/projects/wp1/nobackup/ngs/utveckling/Twist_DNA_DATA/bed/Mutations_PIK_20260223.csv	/projects/cgu/library/projects/wp1/nobackup/ngs/utveckling/Twist_DNA_DATA/bed/Mutations_PIK_20260223.csv
3	wp1_gms560,wp1_gms560_plasma,wp1_gmsprio	/projects/wp1/nobackup/ngs/utveckling/Twist_DNA_DATA/bed/Mutations_URO_20260223.csv	/projects/cgu/library/projects/wp1/nobackup/ngs/utveckling/Twist_DNA_DATA/bed/Mutations_URO_20260223.csv
3	wp1_gms560,wp1_gms560_plasma,wp1_gmsprio	/projects/wp1/nobackup/ngs/utveckling/Twist_DNA_DATA/bed/Mutations_VAS_20260504.csv	/projects/cgu/library/projects/wp1/nobackup/ngs/utveckling/Twist_DNA_DATA/bed/Mutations_VAS_20260504.csv
3	wp1_gms560,wp1_gms560_plasma,wp1_gmsprio	/projects/wp1/nobackup/ngs/utveckling/Twist_DNA_DATA/bed/SelectedMSIloci2019Sorted.bed	/projects/cgu/library/projects/wp1/nobackup/ngs/utveckling/Twist_DNA_DATA/bed/SelectedMSIloci2019Sorted.bed
3	wp1_gms560,wp1_gms560_plasma,wp1_gmsprio	/projects/wp1/nobackup/ngs/utveckling/Twist_DNA_DATA/bed/access-5k-mappable.hg19.bed	/projects/cgu/library/projects/wp1/nobackup/ngs/utveckling/Twist_DNA_DATA/bed/access-5k-mappable.hg19.bed
3	wp1_gms560,wp1_gms560_plasma,wp1_gmsprio	/projects/wp1/nobackup/ngs/utveckling/Twist_DNA_DATA/bed/chromosome_arm_size.tsv	/projects/cgu/library/projects/wp1/nobackup/ngs/utveckling/Twist_DNA_DATA/bed/chromosome_arm_size.tsv
3	wp1_gms560,wp1_gms560_plasma,wp1_gmsprio	/projects/wp1/nobackup/ngs/utveckling/Twist_DNA_DATA/bed/cnv_amp_genes_240307.bed	/projects/cgu/library/projects/wp1/nobackup/ngs/utveckling/Twist_DNA_DATA/bed/cnv_amp_genes_240307.bed
3	wp1_gms560,wp1_gms560_plasma,wp1_gmsprio	/projects/wp1/nobackup/ngs/utveckling/Twist_DNA_DATA/bed/cnv_amplification_genes_240307.tsv	/projects/cgu/library/projects/wp1/nobackup/ngs/utveckling/Twist_DNA_DATA/bed/cnv_amplification_genes_240307.tsv
3	wp1_gms560,wp1_gms560_plasma,wp1_gmsprio	/projects/wp1/nobackup/ngs/utveckling/Twist_DNA_DATA/bed/cnv_deletion_genes_240618.tsv	/projects/cgu/library/projects/wp1/nobackup/ngs/utveckling/Twist_DNA_DATA/bed/cnv_deletion_genes_240618.tsv
3	wp1_gms560,wp1_gms560_plasma,wp1_gmsprio	/projects/wp1/nobackup/ngs/utveckling/Twist_DNA_DATA/bed/cnv_loh_genes.bed	/projects/cgu/library/projects/wp1/nobackup/ngs/utveckling/Twist_DNA_DATA/bed/cnv_loh_genes.bed
3	wp1_gms560,wp1_gms560_plasma,wp1_gmsprio	/projects/wp1/nobackup/ngs/utveckling/Twist_DNA_DATA/bed/cnv_loh_genes_240618.bed	/projects/cgu/library/projects/wp1/nobackup/ngs/utveckling/Twist_DNA_DATA/bed/cnv_loh_genes_240618.bed
3	wp1_gms560,wp1_gms560_plasma,wp1_gmsprio	/projects/wp1/nobackup/ngs/utveckling/Twist_DNA_DATA/bed/cnv_loh_uppsala_genes.bed	/projects/cgu/library/projects/wp1/nobackup/ngs/utveckling/Twist_DNA_DATA/bed/cnv_loh_uppsala_genes.bed
3	wp1_gms560,wp1_gms560_plasma,wp1_gmsprio	/projects/wp1/nobackup/ngs/utveckling/Twist_DNA_DATA/bed/cnvkit_germline_blacklist_20240613.bed	/projects/cgu/library/projects/wp1/nobackup/ngs/utveckling/Twist_DNA_DATA/bed/cnvkit_germline_blacklist_20240613.bed
3	wp1_gms560,wp1_gms560_plasma,wp1_gmsprio	/projects/wp1/nobackup/ngs/utveckling/Twist_DNA_DATA/bed/cytoBand.hg19.txt	/projects/cgu/library/projects/wp1/nobackup/ngs/utveckling/Twist_DNA_DATA/bed/cytoBand.hg19.txt
3	wp1_gms560,wp1_gms560_plasma,wp1_gmsprio	/projects/wp1/nobackup/ngs/utveckling/Twist_DNA_DATA/bed/gatk.preprocessed.cfDNA_nextseq2000_24.interval_list	/projects/cgu/library/projects/wp1/nobackup/ngs/utveckling/Twist_DNA_DATA/bed/gatk.preprocessed.cfDNA_nextseq2000_24.interval_list
3	wp1_gms560,wp1_gms560_plasma,wp1_gmsprio	/projects/wp1/nobackup/ngs/utveckling/Twist_DNA_DATA/bed/gatk.preprocessed.cfDNA_novaseqX_24.interval_list	/projects/cgu/library/projects/wp1/nobackup/ngs/utveckling/Twist_DNA_DATA/bed/gatk.preprocessed.cfDNA_novaseqX_24.interval_list
3	wp1_gms560,wp1_gms560_plasma,wp1_gmsprio	/projects/wp1/nobackup/ngs/utveckling/Twist_DNA_DATA/bed/gatk.preprocessed.novaseqX_24_updated.interval_list	/projects/cgu/library/projects/wp1/nobackup/ngs/utveckling/Twist_DNA_DATA/bed/gatk.preprocessed.novaseqX_24_updated.interval_list
3	wp1_gms560,wp1_gms560_plasma,wp1_gmsprio	/projects/wp1/nobackup/ngs/utveckling/Twist_DNA_DATA/bed/gatk.preprocessed.xleap_ns2000_22.interval_list	/projects/cgu/library/projects/wp1/nobackup/ngs/utveckling/Twist_DNA_DATA/bed/gatk.preprocessed.xleap_ns2000_22.interval_list
3	wp1_gms560,wp1_gms560_plasma,wp1_gmsprio	/projects/wp1/nobackup/ngs/utveckling/Twist_DNA_DATA/bed/gnomad_SNP_0.001_target.annotated.interval_list	/projects/cgu/library/projects/wp1/nobackup/ngs/utveckling/Twist_DNA_DATA/bed/gnomad_SNP_0.001_target.annotated.interval_list
3	wp1_gms560,wp1_gms560_plasma,wp1_gmsprio	/projects/wp1/nobackup/ngs/utveckling/Twist_DNA_DATA/bed/pool1_pool2.sort.merged.padded20.cnv200.hg19.split_fusion_genes.210608.bed.gz	/projects/cgu/library/projects/wp1/nobackup/ngs/utveckling/Twist_DNA_DATA/bed/pool1_pool2.sort.merged.padded20.cnv200.hg19.split_fusion_genes.210608.bed.gz
3	wp1_gms560,wp1_gms560_plasma,wp1_gmsprio	/projects/wp1/nobackup/ngs/utveckling/Twist_DNA_DATA/bed/pool1_pool2.sort.merged.padded20.cnv200.hg19.split_fusion_genes.MUC6_31_rm.exon_only.reannotated.210608.interval_list	/projects/cgu/library/projects/wp1/nobackup/ngs/utveckling/Twist_DNA_DATA/bed/pool1_pool2.sort.merged.padded20.cnv200.hg19.split_fusion_genes.MUC6_31_rm.exon_only.reannotated.210608.interval_list
3	wp1_gms560,wp1_gms560_plasma,wp1_gmsprio	/projects/wp1/nobackup/ngs/utveckling/Twist_DNA_DATA/bed/pool1_pool2.sort.merged.padded20.cnv200.hg19.split_fusion_genes.MUC6_31_rm.exon_only.reannotated.230222.bed	/projects/cgu/library/projects/wp1/nobackup/ngs/utveckling/Twist_DNA_DATA/bed/pool1_pool2.sort.merged.padded20.cnv200.hg19.split_fusion_genes.MUC6_31_rm.exon_only.reannotated.230222.bed
3	wp1_gms560,wp1_gms560_plasma,wp1_gmsprio	/projects/wp1/nobackup/ngs/utveckling/Twist_DNA_DATA/bed/pool1_pool2.sort.merged.padded20.cnv200.hg19.split_fusion_genes.reannotated.230222.bed	/projects/cgu/library/projects/wp1/nobackup/ngs/utveckling/Twist_DNA_DATA/bed/pool1_pool2.sort.merged.padded20.cnv200.hg19.split_fusion_genes.reannotated.230222.bed
3	wp1_gms560,wp1_gms560_plasma,wp1_gmsprio	/projects/wp1/nobackup/ngs/utveckling/Twist_DNA_DATA/bed/pool1_pool2_nochr_3c.sort.merged.padded20.hg19.210311.met.annotated.bed	/projects/cgu/library/projects/wp1/nobackup/ngs/utveckling/Twist_DNA_DATA/bed/pool1_pool2_nochr_3c.sort.merged.padded20.hg19.210311.met.annotated.bed
3	wp1_gms560,wp1_gms560_plasma,wp1_gmsprio	/projects/wp1/nobackup/ngs/utveckling/Twist_DNA_DATA/bed/pool1_pool2_nochr_3c.sort.merged.padded20.hg19.210311.met.annotated.bed.preprocessed.interval_list	/projects/cgu/library/projects/wp1/nobackup/ngs/utveckling/Twist_DNA_DATA/bed/pool1_pool2_nochr_3c.sort.merged.padded20.hg19.210311.met.annotated.bed.preprocessed.interval_list
3	wp1_gms560,wp1_gms560_plasma,wp1_gmsprio	/projects/wp1/nobackup/ngs/utveckling/Twist_DNA_DATA/bed/pool1_pool2_nochr_3c.sort.merged.padded20.hg19.210311.met.annotated.interval_list	/projects/cgu/library/projects/wp1/nobackup/ngs/utveckling/Twist_DNA_DATA/bed/pool1_pool2_nochr_3c.sort.merged.padded20.hg19.210311.met.annotated.interval_list
3	wp1_gms560,wp1_gms560_plasma,wp1_gmsprio	/projects/wp1/nobackup/ngs/utveckling/Twist_DNA_DATA/bed/scanITD_regions.bed	/projects/cgu/library/projects/wp1/nobackup/ngs/utveckling/Twist_DNA_DATA/bed/scanITD_regions.bed
3	wp1_gms560,wp1_gms560_plasma,wp1_gmsprio	/projects/wp1/nobackup/ngs/utveckling/Twist_DNA_DATA/bed/sites.hg19.vcf.gz	/projects/cgu/library/projects/wp1/nobackup/ngs/utveckling/Twist_DNA_DATA/bed/sites.hg19.vcf.gz
3	wp1_gms560,wp1_gms560_plasma,wp1_gmsprio	/projects/wp1/nobackup/ngs/utveckling/Twist_DNA_DATA/bed/small_deletions_caller_blacklist.tsv	/projects/cgu/library/projects/wp1/nobackup/ngs/utveckling/Twist_DNA_DATA/bed/small_deletions_caller_blacklist.tsv
3	wp1_gms560,wp1_gms560_plasma,wp1_gmsprio	/projects/wp1/nobackup/ngs/utveckling/Twist_DNA_DATA/bed/vessies_reference_set.txt	/projects/cgu/library/projects/wp1/nobackup/ngs/utveckling/Twist_DNA_DATA/bed/vessies_reference_set.txt
3	wp1_gms560,wp1_gms560_plasma,wp1_gmsprio	/projects/wp1/nobackup/ngs/utveckling/Twist_DNA_DATA/gene_fuse/GMS560_fusion_w_pool2.hg19.221117.csv	/projects/cgu/library/projects/wp1/nobackup/ngs/utveckling/Twist_DNA_DATA/gene_fuse/GMS560_fusion_w_pool2.hg19.221117.csv
3	wp1_gms560,wp1_gms560_plasma,wp1_gmsprio	/projects/wp1/nobackup/ngs/utveckling/Twist_DNA_DATA/gene_fuse/druggable.hg19.csv	/projects/cgu/library/projects/wp1/nobackup/ngs/utveckling/Twist_DNA_DATA/gene_fuse/druggable.hg19.csv
3	wp1_gms560,wp1_gms560_plasma,wp1_gmsprio	/projects/wp1/nobackup/ngs/utveckling/Twist_DNA_DATA/gene_fuse/filter_fusions_20230214.csv	/projects/cgu/library/projects/wp1/nobackup/ngs/utveckling/Twist_DNA_DATA/gene_fuse/filter_fusions_20230214.csv
3	wp1_gms560,wp1_gms560_plasma,wp1_gmsprio	/projects/wp1/nobackup/ngs/utveckling/Twist_DNA_DATA/juli/refGene_hg19.txt	/projects/cgu/library/projects/wp1/nobackup/ngs/utveckling/Twist_DNA_DATA/juli/refGene_hg19.txt
3	wp1_gms560,wp1_gms560_plasma,wp1_gmsprio	/projects/wp1/nobackup/ngs/utveckling/Twist_RNA_DATA/bed/ID_SNPs.bed	/projects/cgu/library/projects/wp1/nobackup/ngs/utveckling/Twist_RNA_DATA/bed/ID_SNPs.bed
3	wp1_gms560,wp1_gms560_plasma,wp1_gmsprio	/projects/wp1/nobackup/ngs/utveckling/Twist_RNA_DATA/bed/Twist_RNA_Design5.annotated.20230630.interval_list	/projects/cgu/library/projects/wp1/nobackup/ngs/utveckling/Twist_RNA_DATA/bed/Twist_RNA_Design5.annotated.20230630.interval_list
3	wp1_gms560,wp1_gms560_plasma,wp1_gmsprio	/projects/wp1/nobackup/ngs/utveckling/Twist_RNA_DATA/bed/Twist_RNA_Design5.annotated.bed	/projects/cgu/library/projects/wp1/nobackup/ngs/utveckling/Twist_RNA_DATA/bed/Twist_RNA_Design5.annotated.bed
3	wp1_gms560,wp1_gms560_plasma,wp1_gmsprio	/projects/wp1/nobackup/ngs/utveckling/Twist_RNA_DATA/bed/Twist_RNA_fusionpartners.bed	/projects/cgu/library/projects/wp1/nobackup/ngs/utveckling/Twist_RNA_DATA/bed/Twist_RNA_fusionpartners.bed
3	wp1_gms560,wp1_gms560_plasma,wp1_gmsprio	/projects/wp1/nobackup/ngs/utveckling/Twist_RNA_DATA/bed/filter_rna_fusions_20240923.txt	/projects/cgu/library/projects/wp1/nobackup/ngs/utveckling/Twist_RNA_DATA/bed/filter_rna_fusions_20240923.txt
2	wp3_hg,wp3_tc	/beegfs-storage/data/ref_data/wp3/melt/Hg38.genes.bed	/projects/cgu/library/beegfs-storage/data/ref_data/wp3/melt/Hg38.genes.bed
2	wp3_hg,wp3_tc	/beegfs-storage/data/ref_data/wp3/melt/me_refs/Hg38/ALU_MELT.zip	/projects/cgu/library/beegfs-storage/data/ref_data/wp3/melt/me_refs/Hg38/ALU_MELT.zip
2	wp3_hg,wp3_tc	/beegfs-storage/data/ref_data/wp3/melt/me_refs/Hg38/HERVK_MELT.zip	/projects/cgu/library/beegfs-storage/data/ref_data/wp3/melt/me_refs/Hg38/HERVK_MELT.zip
2	wp3_hg,wp3_tc	/beegfs-storage/data/ref_data/wp3/melt/me_refs/Hg38/LINE1_MELT.zip	/projects/cgu/library/beegfs-storage/data/ref_data/wp3/melt/me_refs/Hg38/LINE1_MELT.zip
2	wp3_hg,wp3_tc	/beegfs-storage/data/ref_data/wp3/melt/me_refs/Hg38/SVA_MELT.zip	/projects/cgu/library/beegfs-storage/data/ref_data/wp3/melt/me_refs/Hg38/SVA_MELT.zip
2	wp2_iht,wp3_iht	/beegfs-storage/data/ref_genomes/GRCh38/GRCmasked/GCA_000001405.15_GRCh38_no_alt_analysis_set_GRCmasked.dict	/projects/cgu/library/beegfs-storage/data/ref_genomes/GRCh38/GRCmasked/GCA_000001405.15_GRCh38_no_alt_analysis_set_GRCmasked.dict
2	wp2_iht,wp3_iht	/beegfs-storage/data/ref_genomes/GRCh38/gene_lists/fluffy_genes.txt	/projects/cgu/library/beegfs-storage/data/ref_genomes/GRCh38/gene_lists/fluffy_genes.txt
2	wp2_iht,wp3_iht	/beegfs-storage/data/ref_genomes/GRCh38/simple_sv_annotation/simple_repeats.merged.bed.gz	/projects/cgu/library/beegfs-storage/data/ref_genomes/GRCh38/simple_sv_annotation/simple_repeats.merged.bed.gz
2	wp3_hg,wp3_te	/beegfs-storage/data/ref_genomes/VEP	/projects/cgu/library/beegfs-storage/data/ref_genomes/VEP
2	wp2_iht,wp3_iht	/data/ref_data/arriba/arriba_v2.5.1/database	/projects/cgu/library/data/ref_data/arriba/arriba_v2.5.1/database
2	wp2_iht,wp3_iht	/data/ref_data/arriba/arriba_v2.5.1/database/blacklist_hg38_GRCh38_v2.5.1.tsv.gz	/projects/cgu/library/data/ref_data/arriba/arriba_v2.5.1/database/blacklist_hg38_GRCh38_v2.5.1.tsv.gz
2	wp2_iht,wp3_iht	/data/ref_data/arriba/arriba_v2.5.1/database/cytobands_hg38_GRCh38_v2.5.1.tsv	/projects/cgu/library/data/ref_data/arriba/arriba_v2.5.1/database/cytobands_hg38_GRCh38_v2.5.1.tsv
2	wp2_iht,wp3_iht	/data/ref_data/arriba/arriba_v2.5.1/database/known_fusions_hg38_GRCh38_v2.5.1.tsv.gz	/projects/cgu/library/data/ref_data/arriba/arriba_v2.5.1/database/known_fusions_hg38_GRCh38_v2.5.1.tsv.gz
2	wp2_iht,wp3_iht	/data/ref_data/arriba/arriba_v2.5.1/database/protein_domains_hg38_GRCh38_v2.5.1.gff3	/projects/cgu/library/data/ref_data/arriba/arriba_v2.5.1/database/protein_domains_hg38_GRCh38_v2.5.1.gff3
2	wp2_iht,wp3_iht	/data/ref_data/somalier/v0.2.18/sites.hg38.vcf.gz	/projects/cgu/library/data/ref_data/somalier/v0.2.18/sites.hg38.vcf.gz
2	wp2_iht,wp3_iht	/data/ref_data/wp2/fluffy/svdb/230601_svdb_cnv.vcf	/projects/cgu/library/data/ref_data/wp2/fluffy/svdb/230601_svdb_cnv.vcf
2	wp2_iht,wp3_iht	/data/ref_genomes/GNOMAD/gnomad.genomes.r3.0.sites.maf001.snv-only.hg38.sorted.vcf	/projects/cgu/library/data/ref_genomes/GNOMAD/gnomad.genomes.r3.0.sites.maf001.snv-only.hg38.sorted.vcf
2	wp2_iht,wp3_iht	/data/ref_genomes/GRCh38/arriba/Homo_sapiens.GRCh38.115.chr.gtf	/projects/cgu/library/data/ref_genomes/GRCh38/arriba/Homo_sapiens.GRCh38.115.chr.gtf
2	wp2_iht,wp3_iht	/data/ref_genomes/GRCh38/arriba/Homo_sapiens.GRCh38.dna.115.star_reference	/projects/cgu/library/data/ref_genomes/GRCh38/arriba/Homo_sapiens.GRCh38.dna.115.star_reference
2	wp2_iht,wp3_iht	/data/ref_genomes/GRCh38/arriba/Homo_sapiens.GRCh38.dna.primary_assembly.fa	/projects/cgu/library/data/ref_genomes/GRCh38/arriba/Homo_sapiens.GRCh38.dna.primary_assembly.fa
2	wp2_iht,wp3_iht	/data/ref_genomes/GRCh38/cnv_report/refGene_hg38.txt	/projects/cgu/library/data/ref_genomes/GRCh38/cnv_report/refGene_hg38.txt
2	wp2_iht,wp3_iht	/data/ref_genomes/GRCh38/gatk/gatk_cnv_panel_of_normal_female.20250926.hdf5	/projects/cgu/library/data/ref_genomes/GRCh38/gatk/gatk_cnv_panel_of_normal_female.20250926.hdf5
2	wp2_iht,wp3_iht	/data/ref_genomes/GRCh38/gatk/gatk_cnv_panel_of_normal_male.20250926.hdf5	/projects/cgu/library/data/ref_genomes/GRCh38/gatk/gatk_cnv_panel_of_normal_male.20250926.hdf5
2	wp2_iht,wp3_iht	/data/ref_genomes/GRCh38/gatk/hg38.preprocessed.20250926.interval_list	/projects/cgu/library/data/ref_genomes/GRCh38/gatk/hg38.preprocessed.20250926.interval_list
2	wp2_iht,wp3_iht	/data/ref_genomes/GRCh38/gene_lists/Twist_myeloid_coding_exons_added_regions.250904.bed	/projects/cgu/library/data/ref_genomes/GRCh38/gene_lists/Twist_myeloid_coding_exons_added_regions.250904.bed
2	wp2_iht,wp3_iht	/data/ref_genomes/GRCh38/gene_lists/all_snv_38.bed	/projects/cgu/library/data/ref_genomes/GRCh38/gene_lists/all_snv_38.bed
2	wp2_iht,wp3_iht	/data/ref_genomes/GRCh38/gene_lists/all_sv_38.bed	/projects/cgu/library/data/ref_genomes/GRCh38/gene_lists/all_sv_38.bed
2	wp2_iht,wp3_iht	/data/ref_genomes/GRCh38/gene_lists/aml_pindel_38_240912.bed	/projects/cgu/library/data/ref_genomes/GRCh38/gene_lists/aml_pindel_38_240912.bed
2	wp2_iht,wp3_iht	/data/ref_genomes/GRCh38/gene_lists/aml_snv_38_2022-02-25.bed	/projects/cgu/library/data/ref_genomes/GRCh38/gene_lists/aml_snv_38_2022-02-25.bed
2	wp2_iht,wp3_iht	/data/ref_genomes/GRCh38/gene_lists/aml_sv_38.bed	/projects/cgu/library/data/ref_genomes/GRCh38/gene_lists/aml_sv_38.bed
2	wp2_iht,wp3_iht	/data/ref_genomes/GRCh38/gene_lists/hg38_CNA.bed	/projects/cgu/library/data/ref_genomes/GRCh38/gene_lists/hg38_CNA.bed
2	wp2_iht,wp3_iht	/data/ref_genomes/GRCh38/mosdepth/GRCh38_all_exon_sorted.bed	/projects/cgu/library/data/ref_genomes/GRCh38/mosdepth/GRCh38_all_exon_sorted.bed
2	wp2_iht,wp3_iht	/data/ref_genomes/GRCh38/reference_grasnatter/cnvkit_wgs_pon/Reference_Normal_pool.WGS.250822.bin1000.cnn	/projects/cgu/library/data/ref_genomes/GRCh38/reference_grasnatter/cnvkit_wgs_pon/Reference_Normal_pool.WGS.250822.bin1000.cnn
2	wp2_iht,wp3_iht	/data/ref_genomes/GRCh38/rseqc/hg38_GENCODE.v38.bed	/projects/cgu/library/data/ref_genomes/GRCh38/rseqc/hg38_GENCODE.v38.bed
2	wp2_iht,wp3_iht	/data/ref_genomes/GRCh38/rseqc/hg38_GENCODE_V38.downsampled.bed	/projects/cgu/library/data/ref_genomes/GRCh38/rseqc/hg38_GENCODE_V38.downsampled.bed
2	wp2_iht,wp3_iht	/data/ref_genomes/GRCh38/simple_sv_annotation/az-cancer-panel.txt	/projects/cgu/library/data/ref_genomes/GRCh38/simple_sv_annotation/az-cancer-panel.txt
2	wp2_iht,wp3_iht	/data/ref_genomes/GRCh38/simple_sv_annotation/fusion_pairs.txt	/projects/cgu/library/data/ref_genomes/GRCh38/simple_sv_annotation/fusion_pairs.txt
2	wp2_iht,wp3_iht	/data/ref_genomes/GRCh38/snpeff/data/GRCh38.99	/projects/cgu/library/data/ref_genomes/GRCh38/snpeff/data/GRCh38.99
2	wp2_iht,wp3_iht	/data/ref_genomes/GRCh38/sortmerna	/projects/cgu/library/data/ref_genomes/GRCh38/sortmerna
2	wp2_iht,wp3_iht	/data/ref_genomes/GRCh38/sortmerna/idx	/projects/cgu/library/data/ref_genomes/GRCh38/sortmerna/idx
2	wp2_iht,wp3_iht	/data/ref_genomes/GRCh38/sortmerna/rfam-5.8s-database-id98.fasta	/projects/cgu/library/data/ref_genomes/GRCh38/sortmerna/rfam-5.8s-database-id98.fasta
2	wp2_iht,wp3_iht	/data/ref_genomes/GRCh38/sortmerna/rfam-5s-database-id98.fasta	/projects/cgu/library/data/ref_genomes/GRCh38/sortmerna/rfam-5s-database-id98.fasta
2	wp2_iht,wp3_iht	/data/ref_genomes/GRCh38/sortmerna/silva-bac-16s-id90.fasta	/projects/cgu/library/data/ref_genomes/GRCh38/sortmerna/silva-bac-16s-id90.fasta
2	wp2_iht,wp3_iht	/data/ref_genomes/GRCh38/sortmerna/silva-bac-23s-id98.fasta	/projects/cgu/library/data/ref_genomes/GRCh38/sortmerna/silva-bac-23s-id98.fasta
2	wp2_iht,wp3_iht	/data/ref_genomes/GRCh38/sortmerna/silva-euk-18s-id95.fasta	/projects/cgu/library/data/ref_genomes/GRCh38/sortmerna/silva-euk-18s-id95.fasta
2	wp2_iht,wp3_iht	/data/ref_genomes/GRCh38/sortmerna/silva-euk-28s-id98.fasta	/projects/cgu/library/data/ref_genomes/GRCh38/sortmerna/silva-euk-28s-id98.fasta
2	wp2_iht,wp3_iht	/data/ref_genomes/GRCh38/star_fusion/GRCh38_gencode_v37_CTAT_lib_Mar012021.plug-n-play/ctat_genome_lib_build_dir	/projects/cgu/library/data/ref_genomes/GRCh38/star_fusion/GRCh38_gencode_v37_CTAT_lib_Mar012021.plug-n-play/ctat_genome_lib_build_dir
2	wp3_hg,wp3_tc	/projects/wp3/Software/MELTv2.2.2/add_bed_files/Hg38/Hg38.genes.bed	/projects/cgu/library/projects/wp3/Software/MELTv2.2.2/add_bed_files/Hg38/Hg38.genes.bed
2	wp3_hg,wp3_tc	/projects/wp3/Software/MELTv2.2.2/mei_list.txt	/projects/cgu/library/projects/wp3/Software/MELTv2.2.2/mei_list.txt
